{
  "hash": "085a73f0",
  "configHash": "dedabe90",
  "lockfileHash": "43051f9e",
  "browserHash": "9743c72f",
  "optimized": {
    "@angular/common": {
      "src": "../../../../../node_modules/@angular/common/fesm2022/common.mjs",
      "file": "@angular_common.js",
      "fileHash": "86b5e81b",
      "needsInterop": false
    },
    "@angular/common/http": {
      "src": "../../../../../node_modules/@angular/common/fesm2022/http.mjs",
      "file": "@angular_common_http.js",
      "fileHash": "083eb253",
      "needsInterop": false
    },
    "@angular/core": {
      "src": "../../../../../node_modules/@angular/core/fesm2022/core.mjs",
      "file": "@angular_core.js",
      "fileHash": "47c7e5d0",
      "needsInterop": false
    },
    "@angular/forms": {
      "src": "../../../../../node_modules/@angular/forms/fesm2022/forms.mjs",
      "file": "@angular_forms.js",
      "fileHash": "4502efc5",
      "needsInterop": false
    },
    "@angular/platform-browser": {
      "src": "../../../../../node_modules/@angular/platform-browser/fesm2022/platform-browser.mjs",
      "file": "@angular_platform-browser.js",
      "fileHash": "5a860b5c",
      "needsInterop": false
    },
    "@angular/router": {
      "src": "../../../../../node_modules/@angular/router/fesm2022/router.mjs",
      "file": "@angular_router.js",
      "fileHash": "9217c935",
      "needsInterop": false
    },
    "bson": {
      "src": "../../../../../node_modules/bson/dist/bson.browser.esm.js",
      "file": "bson.js",
      "fileHash": "e41b2f9d",
      "needsInterop": false
    },
    "rxjs": {
      "src": "../../../../../node_modules/rxjs/dist/esm5/index.js",
      "file": "rxjs.js",
      "fileHash": "212bc277",
      "needsInterop": false
    },
    "rxjs/operators": {
      "src": "../../../../../node_modules/rxjs/dist/esm5/operators/index.js",
      "file": "rxjs_operators.js",
      "fileHash": "083a4b52",
      "needsInterop": false
    },
    "uuid": {
      "src": "../../../../../node_modules/uuid/dist/esm-browser/index.js",
      "file": "uuid.js",
      "fileHash": "c30ac663",
      "needsInterop": false
    }
  },
  "chunks": {
    "chunk-3YYRSPUQ": {
      "file": "chunk-3YYRSPUQ.js"
    },
    "chunk-UTMTHWIV": {
      "file": "chunk-UTMTHWIV.js"
    },
    "chunk-LVGP7AWA": {
      "file": "chunk-LVGP7AWA.js"
    },
    "chunk-2WVSSXMN": {
      "file": "chunk-2WVSSXMN.js"
    },
    "chunk-SG3BCSKH": {
      "file": "chunk-SG3BCSKH.js"
    },
    "chunk-SAVXX6OM": {
      "file": "chunk-SAVXX6OM.js"
    },
    "chunk-PQ7O3X3G": {
      "file": "chunk-PQ7O3X3G.js"
    },
    "chunk-X6JV76XL": {
      "file": "chunk-X6JV76XL.js"
    }
  }
}